P. Name,P. Zone Class,P. Mass Class,P. Composition Class,P. Atmosphere Class,P. Density (EU),P. Gravity (EU),P. Esc Vel (EU),P. SFlux Min (EU),P. SFlux Mean (EU),P. SFlux Max (EU),P. Teq Max (K),P. Mag,P. Appar Size (deg),P. Eccentricity,P. Mean Distance (AU),P. Omega (deg),S. Mass (SU),S. Teff (K),S. [Fe/H],S. Age (Gyrs),S. Appar Mag,S. Distance (pc),S. RA (hrs),S. DEC (deg),S. Mag from Planet,S. Size from Planet (deg),S. No. Planets,S. No. Planets HZ,S. Hab Zone Max (AU),P. HZD,P. HZC,P. HZA,P. HZI,P. SPH,P. ESI,S. HabCat,P. Habitable,P. Hab Moon,P. Confirmed,P. Habitable Class
GJ 163 c,Warm,Superterran,rocky-iron,metals-rich,1.19,2.17,1.99,0.5515569,0.6630019,0.804139,241.3,-18.05,3.48,0.09,0.12,235.4,0.4,3840.0,-0.06027140851661208,3.0,11.8,15.0,4.1544,-53.3736,-26.3,0.9881,3,1,0.212,-0.34,-0.14,0.81,0.53,0.08,0.73,0,1,0,1,psychroplanet
GJ 667 C e,Warm,Terran,rocky-iron,metals-rich,0.99,1.39,1.39,0.290249,0.3020295,0.3144201,190.8,-16.59,2.65,0.02,0.21,28.6,0.33,3350.0,-0.55,2.0,10.2,6.8,17.3158,-34.9897,-25.4,0.8714,6,3,0.251,0.51,-0.16,0.23,0.63,0.0,0.6,0,1,0,0,psychroplanet
GJ 667 C f,Warm,Terran,rocky-iron,metals-rich,0.99,1.39,1.39,0.5306531,0.5632069000000001,0.5983137,224.1,-17.28,2.65,0.03,0.16,103.0,0.33,3350.0,-0.55,2.0,10.2,6.8,17.3158,-34.9897,-26.1,1.19,6,3,0.251,-0.22,-0.16,0.08,0.78,0.0,0.77,0,1,0,0,psychroplanet
GJ 682 c,Warm,Superterran,rocky-iron,hydrogen-rich,1.24,2.37,2.13,0.3020603,0.3673006,0.45118450000000004,208.8,-17.51,3.64,0.1,0.18,320.9,0.27,3028.0,-0.06027140851661208,4.184758828596038,13.4,5.08,17.6177,-43.6808,-25.6,1.1831,2,1,0.232,0.23,-0.14,1.19,0.45,0.0,0.59,0,1,0,0,psychroplanet
GJ 3293 d,Warm,Superterran,rocky-iron,metals-rich,1.2,2.22,2.03,0.44768679999999994,0.5656049,0.7251003,235.1,-17.91,3.52,0.12,0.19,322.0,0.42,3466.0,0.02,4.184758828596038,12.0,17.9,4.4767,-25.1692,-26.1,1.1179,4,2,0.309,-0.21,-0.14,0.91,0.52,0.0,0.7,0,1,0,1,psychroplanet
HD 40307 g,Warm,Superterran,rocky-iron,metals-rich,1.18,2.15,1.98,0.3895282,0.6771687,1.285592,271.3,-18.1,3.45,0.29,0.57,91.2,0.77,4977.0,-0.31,1.2,7.2,12.8,5.9011,-60.0233,-26.4,0.6042,6,1,0.917,-0.15,-0.14,0.77,0.56,0.04,0.74,1,1,0,0,psychroplanet
Kapteyn b,Warm,Terran,rocky-iron,metals-rich,1.09,1.79,1.71,0.2900587,0.4342851,0.6803408000000001,231.4,-17.37,3.11,0.21,0.16,80.4,0.28,3550.0,-0.86,8.0,8.8,3.91,5.1947,-45.0183,-25.8,0.9409,2,1,0.232,0.12,-0.15,0.57,0.63,0.0,0.67,0,1,0,0,psychroplanet
Kepler-62 f,Warm,Terran,rocky-iron,metals-rich,1.0,1.41,1.41,0.388223,0.388223,0.388223,201.1,-16.89,2.68,0.0,0.72,0.0,0.69,4869.0,-0.21,7.0,14.0,368.0,18.8808,45.3499,-25.7,0.4676,5,2,0.857,0.45,-0.16,0.19,0.66,0.0,0.67,0,1,0,1,psychroplanet
Kepler-150 f,Warm,Superterran,gas,metals-rich,0.19,0.68,1.57,0.4927213,0.4927213,0.4927214,213.4,-19.22,6.92,0.0,1.24,0.0,0.63,5560.0,-0.136,4.184758828596038,13.4,973.0,19.2156,40.5209,-26.0,0.404,5,1,1.569,0.28,2.88,0.35,0.26,0.0,0.53,0,0,0,1,psychroplanet
Kepler-174 d,Warm,Superterran,rocky-iron,hydrogen-rich,1.42,3.1,2.6,0.42675159999999995,0.42675159999999995,0.42675169999999996,205.9,-17.95,4.15,0.0,0.68,0.0,0.68,4880.0,-0.556,4.184758828596038,13.4,360.0,19.1626,43.8321,-25.8,0.488,3,1,0.846,0.32,-0.13,1.77,0.36,0.0,0.61,0,1,0,1,psychroplanet
Kepler-296 f,Warm,Superterran,rocky-iron,metals-rich,1.15,2.01,1.87,0.2687829,0.3395788,0.4353369000000001,206.9,-17.22,3.33,0.12,0.28,0.0,0.45,3572.0,-0.12,4.2,10.1,226.0,19.1027,49.4373,-25.6,0.8155,5,2,0.34700000000000003,0.4,-0.14,0.86,0.51,0.0,0.6,0,1,0,1,psychroplanet
Kepler-442 b,Warm,Terran,rocky-iron,metals-rich,0.97,1.3,1.32,0.6466799,0.6999820999999999,0.7589214,237.8,-17.42,2.55,0.04,0.41,0.0,0.61,4402.0,-0.37,2.9,7.7,342.0,19.0244,39.2801,-26.3,0.7685,1,1,0.6809999999999999,-0.34,-0.16,-0.06,0.73,0.04,0.84,0,1,0,1,psychroplanet
Kepler-1229 b,Warm,Terran,rocky-iron,metals-rich,0.99,1.39,1.4,0.4901548,0.4901549,0.4901549,213.2,-17.13,2.66,0.0,0.31,0.0,0.54,3784.0,-0.06027140851661208,3.72,15.5,236.0,19.8324,46.9967,-26.0,0.8699,1,1,0.456,-0.03,-0.16,0.12,0.83,0.0,0.73,0,1,0,1,psychroplanet
Kepler-1652 b,Warm,Terran,rocky-iron,metals-rich,0.9,1.01,1.06,0.6504719,0.650472,0.6504722,228.8,-16.95,2.13,0.0,0.16,0.0,0.36,3482.0,-0.1,4.184758828596038,13.4,252.0,19.6244,49.9151,-26.3,1.1835,1,1,0.27,-0.35,-0.17,-0.37,0.65,0.0,0.85,0,1,0,1,psychroplanet
LHS 1140 b,Warm,Terran,rocky-iron,hydrogen-rich,2.26,3.23,2.15,0.23418049999999999,0.4071072,0.7728854000000001,238.9,-17.03,2.72,0.29,0.08,0.0,0.15,3131.0,-0.24,5.0,14.2,12.47,0.7497,-15.2714,-25.8,1.1837,1,1,0.118,0.18,-0.82,1.17,0.41,0.0,0.68,0,1,0,1,psychroplanet
Proxima Cen b,Warm,Terran,rocky-iron,metals-rich,0.9,1.01,1.07,0.6562118,0.6562118,0.6562119000000001,229.3,-16.96,2.13,0.0,0.05,0.0,0.12,3050.0,-0.06027140851661208,4.184758828596038,11.1,1.29,14.4953,-62.6794,-26.3,1.5493,1,1,0.086,-0.39,-0.17,-0.37,0.64,0.0,0.85,0,1,0,1,psychroplanet
TRAPPIST-1 e,Warm,Terran,rocky-iron,metals-rich,0.82,0.76,0.83,0.6544079,0.654408,0.6544082,229.1,-16.52,1.74,0.0,0.03,0.0,0.08,2550.0,0.04,0.5,18.8,12.1,23.1081,-5.0414,-26.3,2.2135,7,4,0.051,-0.42,-0.15,-0.67,0.56,0.0,0.85,0,1,0,1,psychroplanet
TRAPPIST-1 f,Warm,Terran,rocky-water,metals-rich,0.59,0.61,0.8,0.3772893,0.3772893,0.3772893,199.7,-16.2,1.98,0.0,0.04,0.0,0.08,2550.0,0.04,0.5,18.8,12.1,23.1081,-5.0414,-25.7,1.6807,7,4,0.051,0.14,0.27,-0.64,0.59,0.0,0.68,0,1,0,1,psychroplanet
K2-72 e,Warm,Terran,rocky-iron,metals-rich,0.99,1.39,1.4,1.461332,1.461332,1.461333,280.1,-18.32,2.66,0.0,0.12,0.0,0.41,3497.0,-0.06027140851661208,4.184758828596038,15.3,55.52,22.3081,-9.6124,-27.1,1.7588,4,1,0.311,-0.99,-0.16,-0.12,0.5,0.06,0.82,0,1,0,1,mesoplanet
tau Cet e,Warm,Terran,rocky-iron,metals-rich,1.07,1.7,1.64,1.369828,1.512054,1.673311,289.8,-18.64,3.02,0.05,0.55,313.5,0.78,5344.0,-0.55,5.8,3.5,3.65,1.7344,-15.9375,-27.2,0.7665,7,1,1.246,-0.92,-0.15,0.16,0.51,0.0,0.78,0,1,0,0,mesoplanet
GJ 180 c,Warm,Superterran,rocky-iron,metals-rich,1.16,2.04,1.9,0.6584886,0.785473,0.9446747999999999,251.2,-18.16,3.36,0.09,0.13,234.9,0.43,3371.0,-0.06027140851661208,4.184758828596038,10.9,11.69,4.8972,-17.7734,-26.5,1.3905,2,2,0.244,-0.53,-0.14,0.64,0.54,0.42,0.77,0,1,0,0,mesoplanet
Kepler-1552 b,Warm,Superterran,rocky-iron,hydrogen-rich,1.68,4.14,3.2,1.105641,1.105641,1.105641,261.2,-19.25,4.68,0.0,0.6,0.0,0.85,5202.0,-0.06027140851661208,3.31,14.8,618.0,19.4451,38.8749,-26.8,0.6913,1,1,1.176,-0.68,-0.11,2.09,0.31,0.45,0.7,0,1,0,1,mesoplanet
Kepler-1090 b,Warm,Superterran,rocky-iron,hydrogen-rich,1.47,3.32,2.73,1.20485,1.20485,1.2048510000000001,266.9,-19.15,4.28,0.0,0.63,0.0,0.86,5321.0,-0.06027140851661208,4.37,15.0,702.0,19.7109,44.5258,-26.9,0.6898,1,1,1.28,-0.74,-0.12,1.5,0.37,0.23,0.72,0,1,0,1,mesoplanet
Kepler-62 e,Warm,Superterran,rocky-iron,metals-rich,1.08,1.74,1.68,1.097676,1.097676,1.097677,260.8,-18.32,3.07,0.0,0.43,0.0,0.69,4869.0,-0.21,7.0,14.0,368.0,18.8808,45.3499,-26.8,0.7863,5,2,0.857,-0.7,-0.15,0.28,0.56,0.96,0.83,0,1,0,1,mesoplanet
Kepler-443 b,Warm,Superterran,rocky-iron,hydrogen-rich,1.54,3.6,2.9,0.7188641,0.8910313,1.1180709999999998,262.0,-18.9,4.43,0.11,0.49,0.0,0.74,4723.0,-0.01,3.2,6.8,779.0,19.2407,49.9686,-26.6,0.7552,1,1,0.903,-0.53,-0.12,1.83,0.34,0.98,0.71,0,1,0,1,mesoplanet
Kepler-61 b,Warm,Superterran,rocky-iron,hydrogen-rich,1.39,2.99,2.54,0.7885342,1.272237,2.1899319999999998,309.9,-19.14,4.09,0.25,0.26,0.0,0.64,4017.0,0.03,1.0,15.0,326.0,19.6869,42.4753,-27.0,1.2639,1,1,0.614,-0.84,-0.13,1.24,0.4,0.27,0.73,0,1,0,1,mesoplanet
GJ 180 b,Warm,Superterran,rocky-iron,metals-rich,1.22,2.32,2.09,0.9960187,1.234564,1.549138,284.2,-18.8,3.6,0.11,0.1,11.5,0.43,3371.0,-0.06027140851661208,4.184758828596038,10.9,11.69,4.8972,-17.7734,-27.0,1.745,2,2,0.244,-0.87,-0.14,0.74,0.46,0.41,0.75,0,1,0,0,mesoplanet
K2-18 b,Warm,Superterran,rocky-iron,hydrogen-rich,1.46,3.28,2.71,0.9243239999999999,0.9243239999999999,0.9243242,249.8,-18.85,4.26,0.0,0.15,0.0,0.41,3503.0,0.09,4.184758828596038,13.5,34.0,11.504,7.5884,-26.6,1.394,2,1,0.304,-0.66,-0.12,1.59,0.37,1.0,0.73,0,1,0,1,mesoplanet
Wolf 1061 c,Warm,Terran,rocky-iron,metals-rich,1.03,1.53,1.51,1.128213,1.398419,1.754743,293.2,-18.42,2.83,0.11,0.09,37.0,0.25,3305.0,-0.09,4.184758828596038,10.1,4.29,16.505,-12.6626,-27.1,1.9321,3,1,0.225,-0.96,-0.15,0.02,0.51,0.17,0.82,0,1,0,1,mesoplanet
Ross 128 b,Warm,Terran,rocky-iron,metals-rich,0.91,1.05,1.1,1.176261,1.474785,1.874486,298.1,-17.92,2.19,0.12,0.05,0.0,0.17,3192.0,-0.02,5.0,11.2,3.38,11.7957,0.8046,-27.2,2.1279,1,1,0.13,-0.99,-0.17,-0.46,0.48,0.21,0.86,0,1,0,1,mesoplanet
Kepler-1410 b,Warm,Superterran,rocky-iron,metals-rich,1.16,2.07,1.92,1.344376,1.344376,1.344376,274.3,-18.76,3.38,0.0,0.26,0.0,0.63,4092.0,-0.06027140851661208,4.07,15.8,367.0,19.3673,38.7435,-27.1,1.232,1,1,0.614,-0.91,-0.14,0.51,0.49,0.11,0.78,0,1,0,1,mesoplanet
TRAPPIST-1 d,Warm,Subterran,rocky-iron,metals-rich,0.9,0.69,0.73,1.129725,1.129725,1.129725,262.7,-16.74,1.47,0.0,0.02,0.0,0.08,2550.0,0.04,0.5,18.8,12.1,23.1081,-5.0414,-26.9,2.9085,7,4,0.051,-0.84,-0.29,-0.86,0.45,0.9,0.9,0,1,0,1,mesoplanet
GJ 273 b,Warm,Terran,rocky-iron,metals-rich,1.0,1.43,1.43,1.003524,1.220269,1.4989540000000001,281.9,-18.17,2.7,0.1,0.09,0.0,0.29,3382.0,0.09,4.184758828596038,9.9,3.8,7.4568,5.2258,-27.0,1.7227,2,1,0.215,-0.86,-0.16,-0.05,0.53,0.79,0.86,0,1,0,1,mesoplanet
Kepler-705 b,Warm,Superterran,rocky-iron,hydrogen-rich,1.36,2.86,2.46,0.832599,0.8325992,0.8325992,243.4,-18.6,4.0,0.0,0.23,0.0,0.53,3722.0,-0.06027140851661208,3.89,15.8,251.0,19.3006,41.8121,-26.5,1.1719,1,1,0.443,-0.56,-0.13,1.31,0.41,0.79,0.74,0,1,0,1,mesoplanet
Kepler-296 e,Warm,Terran,rocky-iron,metals-rich,1.03,1.52,1.5,1.005184,1.2222879999999998,1.501434,282.0,-18.25,2.81,0.1,0.15,0.0,0.45,3572.0,-0.12,4.2,10.1,226.0,19.1027,49.4373,-27.0,1.5455,5,2,0.34700000000000003,-0.86,-0.16,0.04,0.53,0.75,0.85,0,1,0,1,mesoplanet
GJ 3323 b,Warm,Terran,rocky-iron,metals-rich,0.95,1.23,1.25,0.776563,1.207001,1.981179,302.3,-17.95,2.44,0.23,0.03,0.0,0.16,3159.0,-0.27,4.184758828596038,12.2,5.32,5.0326,-6.9461,-27.0,1.9856,2,1,0.077,-0.84,-0.16,-0.25,0.53,0.97,0.89,0,1,0,1,mesoplanet
Kepler-1614 b,Hot,Terran,rocky-iron,metals-rich,1.03,1.53,1.51,174.6624,174.6624,174.6624,926.2,-23.68,2.83,0.0,0.05,0.0,0.79,5121.0,-0.06027140851661208,5.5,15.9,982.0,18.9914,49.7759,-32.4,8.9753,1,0,1.119,-2.28,-0.15,-0.77,0.29,0.0,0.29,0,0,0,1,non-habitable
Kepler-749 b,Hot,Neptunian,gas,metals-rich,0.2,0.61,1.37,21.67422,21.67422,21.67423,549.7,-23.0,5.9,0.0,0.12,0.0,0.79,5009.0,-0.06027140851661208,4.57,15.8,753.0,19.9931,43.9039,-30.1,3.3017,1,0,1.067,-2.02,2.57,-0.6,0.23,0.0,0.26,0,0,0,1,non-habitable
Kepler-275 c,Hot,Neptunian,gas,metals-rich,0.2,0.67,1.5,141.6552,141.6552,141.6552,878.9,-25.24,6.43,0.0,0.13,0.0,1.24,6165.0,0.184,4.184758828596038,13.4,424.0,19.4986,38.5149,-32.1,5.5736,3,0,2.689,-2.33,2.68,-0.75,0.22,0.0,0.2,0,0,0,1,non-habitable
Kepler-110 b,Hot,Superterran,rocky-iron,metals-rich,1.19,2.16,1.99,130.7684,130.7685,130.7685,861.5,-23.8,3.47,0.0,0.11,0.0,1.02,5960.0,-0.151,4.184758828596038,13.4,424.0,19.5286,48.6028,-32.0,5.73,2,0,2.13,-2.31,-0.14,-0.42,0.3,0.0,0.27,0,0,0,1,non-habitable
YBP1514 b,Hot,Jovian,gas,metals-rich,0.22,1.83,3.91,120.2813,252.3098,624.3745,1273.5,-27.92,15.9,0.39,0.05,327.5,0.96,5725.0,0.03,4.184758828596038,14.8,424.0,8.8503,11.8867,-32.9,8.9947,1,0,1.5519999999999998,-2.34,5.23,0.62,0.15,0.0,0.15,0,0,0,1,non-habitable
Kepler-557 b,Hot,Neptunian,gas,no-atmosphere,0.19,0.51,1.16,695.3679,695.368,695.3682,1308.3,-26.45,5.07,0.0,0.05,0.0,1.11,6068.0,-0.06027140851661208,3.24,14.6,1126.0,19.5806,41.6151,-33.9,12.7682,1,0,2.207,-2.42,2.44,-1.11,0.22,0.0,0.23,0,0,0,1,non-habitable
Kepler-1399 b,Hot,Terran,rocky-iron,no-atmosphere,0.94,1.18,1.22,1234.193,1234.193,1234.193,1510.0,-25.43,2.38,0.0,0.03,0.0,0.97,5735.0,-0.06027140851661208,4.37,15.5,1256.0,19.5541,46.0417,-34.5,19.0919,1,0,1.6780000000000002,-2.42,-0.16,-1.12,0.27,0.0,0.29,0,0,0,1,non-habitable
HIP 41378 f,Hot,Jovian,gas,hydrogen-rich,0.29,2.93,5.47,2.776865,2.776865,2.776865,328.9,-23.35,19.46,0.0,0.97,0.0,1.15,6199.0,-0.11,4.184758828596038,8.9,116.0,8.4411,10.0803,-27.8,0.7715,5,0,2.75,-1.27,6.41,4.1,0.11,0.0,0.33,0,0,0,1,non-habitable
KOI-682 b,Warm,Jovian,gas,hydrogen-rich,0.27,2.64,5.1,0.6649665,0.6649665,0.6649666,230.1,-21.72,18.81,0.0,1.34,0.0,1.02,5589.0,0.34,4.184758828596038,14.2,424.0,19.68,43.2694,-26.3,0.4645,1,1,1.968,-0.1,6.17,4.77,0.11,0.0,0.41,0,0,0,1,non-habitable
47 Uma c,Cold,Jovian,gas,hydrogen-rich,0.23,2.11,4.36,0.1064176,0.1289065,0.1576762,160.5,-19.74,17.19,0.1,3.58,295.0,1.03,5892.0,0.0,7.4,5.1,13.97,10.9914,40.4294,-24.5,0.1844,3,1,2.258,3.08,5.63,5.1,0.11,0.0,0.27,0,0,0,1,non-habitable
Kepler-1126 b,Hot,Superterran,rocky-iron,metals-rich,1.13,1.95,1.84,4.673976,4.673977,4.673977,374.6,-20.05,3.28,0.0,0.43,0.0,0.92,5798.0,-0.06027140851661208,5.5,14.0,668.0,19.0461,45.6894,-28.4,1.1442,1,0,1.653,-1.57,-0.15,0.1,0.39,0.0,0.51,0,0,0,1,non-habitable
Kepler-215 b,Hot,Superterran,rocky-iron,metals-rich,1.09,1.76,1.69,146.3358,146.3358,146.3358,886.1,-23.67,3.09,0.0,0.08,0.0,0.77,5739.0,-0.618,4.184758828596038,13.4,424.0,19.6649,45.2137,-32.2,6.5381,4,0,1.803,-2.31,-0.15,-0.63,0.29,0.0,0.28,0,0,0,1,non-habitable
HD 210702 b,Hot,Jovian,gas,hydrogen-rich,0.43,4.81,7.34,7.694341,10.32987,14.19799,494.5,-25.01,21.42,0.15,1.19,301.0,1.68,5010.0,0.12,1.4,5.9,56.0,22.1975,16.0406,-29.3,2.2917,1,0,7.255,-1.85,7.35,4.9,0.1,0.0,0.19,0,0,0,1,non-habitable
HD 134606 c,Hot,Neptunian,gas,metals-rich,0.2,0.78,1.76,7.625012,13.25557,25.16546,570.6,-23.03,7.49,0.29,0.28,0.0,0.98,5940.0,-0.06027140851661208,4.184758828596038,6.8,26.5,15.2542,-70.5197,-29.6,1.8832,3,1,1.84,-1.92,2.91,-0.2,0.22,0.0,0.33,0,0,0,1,non-habitable
Kepler-228 d,Hot,Neptunian,gas,metals-rich,0.2,0.8,1.8,119.6465,119.6466,119.6466,842.6,-25.44,7.67,0.0,0.1,0.0,1.12,6043.0,-0.067,4.184758828596038,13.4,424.0,19.7524,48.2247,-31.9,5.3311,3,0,1.91,-2.31,2.96,-0.53,0.21,0.0,0.18,0,0,0,1,non-habitable
Kepler-201 b,Hot,Superterran,rocky-iron,metals-rich,1.67,4.09,3.17,59.97181,59.97182,59.97182,709.0,-23.6,4.66,0.0,0.17,0.0,1.17,6065.0,-0.279,4.184758828596038,13.4,424.0,19.5751,41.2728,-31.2,3.7463,2,0,2.338,-2.23,-0.11,0.57,0.3,0.0,0.25,0,0,0,1,non-habitable
Kepler-487 b,Hot,Jovian,gas,hydrogen-rich,0.51,5.8,8.14,44.46371,44.46371,44.46372,657.9,-26.63,21.82,0.0,0.12,0.0,0.91,5444.0,-0.06027140851661208,5.62,15.0,835.0,19.6858,41.222,-30.9,4.0038,2,0,1.422,-2.17,7.67,4.4,0.1,0.0,0.1,0,0,0,1,non-habitable
Kepler-494 b,Hot,Jovian,gas,metals-rich,0.2,1.46,3.23,282.9514,282.9514,282.9514,1044.9,-27.62,13.59,0.0,0.08,0.0,1.1,6007.0,-0.06027140851661208,4.79,14.2,862.0,19.8143,41.664,-32.9,8.3011,1,0,2.361,-2.37,4.55,0.2,0.16,0.0,0.12,0,0,0,1,non-habitable
