P. Name,P. Zone Class,P. Mass Class,P. Composition Class,P. Atmosphere Class,P. Density (EU),P. Gravity (EU),P. Esc Vel (EU),P. SFlux Min (EU),P. SFlux Mean (EU),P. SFlux Max (EU),P. Teq Max (K),P. Mag,P. Appar Size (deg),P. Eccentricity,P. Mean Distance (AU),P. Omega (deg),S. Mass (SU),S. Teff (K),S. [Fe/H],S. Age (Gyrs),S. Appar Mag,S. Distance (pc),S. RA (hrs),S. DEC (deg),S. Mag from Planet,S. Size from Planet (deg),S. No. Planets,S. No. Planets HZ,S. Hab Zone Max (AU),P. HZD,P. HZC,P. HZA,P. HZI,P. SPH,P. ESI,S. HabCat,P. Habitable,P. Hab Moon,P. Confirmed,P. Habitable Class
GJ 163 c,Warm,Superterran,rocky-iron,metals-rich,1.19,2.17,1.99,0.5515569,0.6630019,0.804139,241.3,-18.05,3.48,0.09,0.12,235.4,0.4,3840.0,-0.06027140851661208,3.0,11.8,15.0,4.1544,-53.3736,-26.3,0.9881,3,1,0.212,-0.34,-0.14,0.81,0.53,0.08,0.73,0,1,0,1,psychroplanet
GJ 667 C e,Warm,Terran,rocky-iron,metals-rich,0.99,1.39,1.39,0.290249,0.3020295,0.3144201,190.8,-16.59,2.65,0.02,0.21,28.6,0.33,3350.0,-0.55,2.0,10.2,6.8,17.3158,-34.9897,-25.4,0.8714,6,3,0.251,0.51,-0.16,0.23,0.63,0.0,0.6,0,1,0,0,psychroplanet
GJ 667 C f,Warm,Terran,rocky-iron,metals-rich,0.99,1.39,1.39,0.5306531,0.5632069000000001,0.5983137,224.1,-17.28,2.65,0.03,0.16,103.0,0.33,3350.0,-0.55,2.0,10.2,6.8,17.3158,-34.9897,-26.1,1.19,6,3,0.251,-0.22,-0.16,0.08,0.78,0.0,0.77,0,1,0,0,psychroplanet
GJ 682 c,Warm,Superterran,rocky-iron,hydrogen-rich,1.24,2.37,2.13,0.3020603,0.3673006,0.45118450000000004,208.8,-17.51,3.64,0.1,0.18,320.9,0.27,3028.0,-0.06027140851661208,4.184758828596038,13.4,5.08,17.6177,-43.6808,-25.6,1.1831,2,1,0.232,0.23,-0.14,1.19,0.45,0.0,0.59,0,1,0,0,psychroplanet
GJ 3293 d,Warm,Superterran,rocky-iron,metals-rich,1.2,2.22,2.03,0.44768679999999994,0.5656049,0.7251003,235.1,-17.91,3.52,0.12,0.19,322.0,0.42,3466.0,0.02,4.184758828596038,12.0,17.9,4.4767,-25.1692,-26.1,1.1179,4,2,0.309,-0.21,-0.14,0.91,0.52,0.0,0.7,0,1,0,1,psychroplanet
HD 40307 g,Warm,Superterran,rocky-iron,metals-rich,1.18,2.15,1.98,0.3895282,0.6771687,1.285592,271.3,-18.1,3.45,0.29,0.57,91.2,0.77,4977.0,-0.31,1.2,7.2,12.8,5.9011,-60.0233,-26.4,0.6042,6,1,0.917,-0.15,-0.14,0.77,0.56,0.04,0.74,1,1,0,0,psychroplanet
Kapteyn b,Warm,Terran,rocky-iron,metals-rich,1.09,1.79,1.71,0.2900587,0.4342851,0.6803408000000001,231.4,-17.37,3.11,0.21,0.16,80.4,0.28,3550.0,-0.86,8.0,8.8,3.91,5.1947,-45.0183,-25.8,0.9409,2,1,0.232,0.12,-0.15,0.57,0.63,0.0,0.67,0,1,0,0,psychroplanet
Kepler-62 f,Warm,Terran,rocky-iron,metals-rich,1.0,1.41,1.41,0.388223,0.388223,0.388223,201.1,-16.89,2.68,0.0,0.72,0.0,0.69,4869.0,-0.21,7.0,14.0,368.0,18.8808,45.3499,-25.7,0.4676,5,2,0.857,0.45,-0.16,0.19,0.66,0.0,0.67,0,1,0,1,psychroplanet
Kepler-150 f,Warm,Superterran,gas,metals-rich,0.19,0.68,1.57,0.4927213,0.4927213,0.4927214,213.4,-19.22,6.92,0.0,1.24,0.0,0.63,5560.0,-0.136,4.184758828596038,13.4,973.0,19.2156,40.5209,-26.0,0.404,5,1,1.569,0.28,2.88,0.35,0.26,0.0,0.53,0,0,0,1,psychroplanet
Kepler-174 d,Warm,Superterran,rocky-iron,hydrogen-rich,1.42,3.1,2.6,0.42675159999999995,0.42675159999999995,0.42675169999999996,205.9,-17.95,4.15,0.0,0.68,0.0,0.68,4880.0,-0.556,4.184758828596038,13.4,360.0,19.1626,43.8321,-25.8,0.488,3,1,0.846,0.32,-0.13,1.77,0.36,0.0,0.61,0,1,0,1,psychroplanet
Kepler-296 f,Warm,Superterran,rocky-iron,metals-rich,1.15,2.01,1.87,0.2687829,0.3395788,0.4353369000000001,206.9,-17.22,3.33,0.12,0.28,0.0,0.45,3572.0,-0.12,4.2,10.1,226.0,19.1027,49.4373,-25.6,0.8155,5,2,0.34700000000000003,0.4,-0.14,0.86,0.51,0.0,0.6,0,1,0,1,psychroplanet
Kepler-442 b,Warm,Terran,rocky-iron,metals-rich,0.97,1.3,1.32,0.6466799,0.6999820999999999,0.7589214,237.8,-17.42,2.55,0.04,0.41,0.0,0.61,4402.0,-0.37,2.9,7.7,342.0,19.0244,39.2801,-26.3,0.7685,1,1,0.6809999999999999,-0.34,-0.16,-0.06,0.73,0.04,0.84,0,1,0,1,psychroplanet
Kepler-1229 b,Warm,Terran,rocky-iron,metals-rich,0.99,1.39,1.4,0.4901548,0.4901549,0.4901549,213.2,-17.13,2.66,0.0,0.31,0.0,0.54,3784.0,-0.06027140851661208,3.72,15.5,236.0,19.8324,46.9967,-26.0,0.8699,1,1,0.456,-0.03,-0.16,0.12,0.83,0.0,0.73,0,1,0,1,psychroplanet
Kepler-1652 b,Warm,Terran,rocky-iron,metals-rich,0.9,1.01,1.06,0.6504719,0.650472,0.6504722,228.8,-16.95,2.13,0.0,0.16,0.0,0.36,3482.0,-0.1,4.184758828596038,13.4,252.0,19.6244,49.9151,-26.3,1.1835,1,1,0.27,-0.35,-0.17,-0.37,0.65,0.0,0.85,0,1,0,1,psychroplanet
LHS 1140 b,Warm,Terran,rocky-iron,hydrogen-rich,2.26,3.23,2.15,0.23418049999999999,0.4071072,0.7728854000000001,238.9,-17.03,2.72,0.29,0.08,0.0,0.15,3131.0,-0.24,5.0,14.2,12.47,0.7497,-15.2714,-25.8,1.1837,1,1,0.118,0.18,-0.82,1.17,0.41,0.0,0.68,0,1,0,1,psychroplanet
Proxima Cen b,Warm,Terran,rocky-iron,metals-rich,0.9,1.01,1.07,0.6562118,0.6562118,0.6562119000000001,229.3,-16.96,2.13,0.0,0.05,0.0,0.12,3050.0,-0.06027140851661208,4.184758828596038,11.1,1.29,14.4953,-62.6794,-26.3,1.5493,1,1,0.086,-0.39,-0.17,-0.37,0.64,0.0,0.85,0,1,0,1,psychroplanet
TRAPPIST-1 e,Warm,Terran,rocky-iron,metals-rich,0.82,0.76,0.83,0.6544079,0.654408,0.6544082,229.1,-16.52,1.74,0.0,0.03,0.0,0.08,2550.0,0.04,0.5,18.8,12.1,23.1081,-5.0414,-26.3,2.2135,7,4,0.051,-0.42,-0.15,-0.67,0.56,0.0,0.85,0,1,0,1,psychroplanet
TRAPPIST-1 f,Warm,Terran,rocky-water,metals-rich,0.59,0.61,0.8,0.3772893,0.3772893,0.3772893,199.7,-16.2,1.98,0.0,0.04,0.0,0.08,2550.0,0.04,0.5,18.8,12.1,23.1081,-5.0414,-25.7,1.6807,7,4,0.051,0.14,0.27,-0.64,0.59,0.0,0.68,0,1,0,1,psychroplanet
TRAPPIST-1 d,Warm,Subterran,rocky-iron,metals-rich,0.9,0.69,0.73,1.129725,1.129725,1.129725,262.7,-16.74,1.47,0.0,0.02,0.0,0.08,2550.0,0.04,0.5,18.8,12.1,23.1081,-5.0414,-26.9,2.9085,7,4,0.051,-0.84,-0.29,-0.86,0.45,0.9,0.9,0,1,0,1,mesoplanet
Wolf 1061 c,Warm,Terran,rocky-iron,metals-rich,1.03,1.53,1.51,1.128213,1.398419,1.754743,293.2,-18.42,2.83,0.11,0.09,37.0,0.25,3305.0,-0.09,4.184758828596038,10.1,4.29,16.505,-12.6626,-27.1,1.9321,3,1,0.225,-0.96,-0.15,0.02,0.51,0.17,0.82,0,1,0,1,mesoplanet
GJ 422 b,Warm,Superterran,rocky-iron,hydrogen-rich,1.28,2.53,2.24,0.6164305999999999,0.6804333,0.7529996999999999,237.3,-18.25,3.76,0.05,0.12,246.4,0.35,3323.0,-0.06027140851661208,4.184758828596038,11.5,12.67,11.2667,-56.4523,-26.3,1.3345,1,1,0.21,-0.41,-0.13,1.11,0.46,0.17,0.71,0,1,0,0,mesoplanet
Kepler-1540 b,Warm,Superterran,rocky-iron,hydrogen-rich,1.71,4.25,3.25,0.9229546999999999,0.9229549000000001,0.9229552,249.7,-19.07,4.73,0.0,0.44,0.0,0.74,4540.0,-0.06027140851661208,2.51,14.1,262.0,18.8896,41.2017,-26.6,0.8293,1,1,0.8390000000000001,-0.59,-0.11,2.25,0.3,0.99,0.7,0,1,0,1,mesoplanet
Kepler-61 b,Warm,Superterran,rocky-iron,hydrogen-rich,1.39,2.99,2.54,0.7885342,1.272237,2.1899319999999998,309.9,-19.14,4.09,0.25,0.26,0.0,0.64,4017.0,0.03,1.0,15.0,326.0,19.6869,42.4753,-27.0,1.2639,1,1,0.614,-0.84,-0.13,1.24,0.4,0.27,0.73,0,1,0,1,mesoplanet
Kepler-22 b,Warm,Superterran,rocky-iron,hydrogen-rich,1.57,3.68,2.94,1.1060290000000002,1.1060290000000002,1.1060290000000002,261.3,-19.15,4.47,0.0,0.85,0.0,0.97,5518.0,-0.29,9.9,12.0,190.0,19.2811,47.8844,-26.8,0.6145,1,1,1.615,-0.64,-0.12,1.79,0.34,0.53,0.71,0,1,0,1,mesoplanet
GJ 832 c,Warm,Superterran,rocky-iron,metals-rich,1.12,1.89,1.79,0.9315085999999999,0.9886534,1.0502799999999999,257.9,-18.31,3.21,0.03,0.16,80.0,0.45,3472.0,-0.31,4.184758828596038,8.7,4.94,21.5594,-49.0089,-26.7,1.4679,2,1,0.342,-0.71,-0.15,0.44,0.54,0.98,0.81,1,1,0,1,mesoplanet
GJ 180 c,Warm,Superterran,rocky-iron,metals-rich,1.16,2.04,1.9,0.6584886,0.785473,0.9446747999999999,251.2,-18.16,3.36,0.09,0.13,234.9,0.43,3371.0,-0.06027140851661208,4.184758828596038,10.9,11.69,4.8972,-17.7734,-26.5,1.3905,2,2,0.244,-0.53,-0.14,0.64,0.54,0.42,0.77,0,1,0,0,mesoplanet
Kepler-1090 b,Warm,Superterran,rocky-iron,hydrogen-rich,1.47,3.32,2.73,1.20485,1.20485,1.2048510000000001,266.9,-19.15,4.28,0.0,0.63,0.0,0.86,5321.0,-0.06027140851661208,4.37,15.0,702.0,19.7109,44.5258,-26.9,0.6898,1,1,1.28,-0.74,-0.12,1.5,0.37,0.23,0.72,0,1,0,1,mesoplanet
GJ 273 b,Warm,Terran,rocky-iron,metals-rich,1.0,1.43,1.43,1.003524,1.220269,1.4989540000000001,281.9,-18.17,2.7,0.1,0.09,0.0,0.29,3382.0,0.09,4.184758828596038,9.9,3.8,7.4568,5.2258,-27.0,1.7227,2,1,0.215,-0.86,-0.16,-0.05,0.53,0.79,0.86,0,1,0,1,mesoplanet
Kepler-452 b,Warm,Superterran,rocky-iron,metals-rich,1.09,1.77,1.7,1.109832,1.109832,1.109833,261.5,-18.35,3.1,0.0,1.05,0.0,1.04,5757.0,0.21,6.0,13.4,430.0,19.7336,44.2776,-26.8,0.5655,1,1,1.952,-0.61,-0.15,0.3,0.59,0.93,0.83,0,1,0,1,mesoplanet
HD 283869 b,Warm,Superterran,rocky-iron,metals-rich,1.26,2.47,2.2,1.146929,1.146929,1.146929,263.7,-18.79,3.72,0.0,0.4,0.0,0.74,4655.0,0.15,4.184758828596038,13.4,47.51,4.795,26.15,-26.9,0.8793,1,1,0.836,-0.76,-0.14,0.89,0.46,0.65,0.77,0,1,0,0,mesoplanet
GJ 180 b,Warm,Superterran,rocky-iron,metals-rich,1.22,2.32,2.09,0.9960187,1.234564,1.549138,284.2,-18.8,3.6,0.11,0.1,11.5,0.43,3371.0,-0.06027140851661208,4.184758828596038,10.9,11.69,4.8972,-17.7734,-27.0,1.745,2,2,0.244,-0.87,-0.14,0.74,0.46,0.41,0.75,0,1,0,0,mesoplanet
Kepler-1552 b,Warm,Superterran,rocky-iron,hydrogen-rich,1.68,4.14,3.2,1.105641,1.105641,1.105641,261.2,-19.25,4.68,0.0,0.6,0.0,0.85,5202.0,-0.06027140851661208,3.31,14.8,618.0,19.4451,38.8749,-26.8,0.6913,1,1,1.176,-0.68,-0.11,2.09,0.31,0.45,0.7,0,1,0,1,mesoplanet
GJ 667 C c,Warm,Terran,rocky-iron,metals-rich,1.05,1.61,1.57,0.8427715,0.8769776,0.9129552,249.0,-17.97,2.92,0.02,0.12,292.0,0.33,3350.0,-0.55,2.0,10.2,6.8,17.3158,-34.9897,-26.6,1.4848,6,3,0.251,-0.62,-0.15,0.21,0.6,0.64,0.84,0,1,0,1,mesoplanet
Kepler-440 b,Warm,Superterran,rocky-iron,metals-rich,1.2,2.24,2.04,0.7514458,1.43441,3.096766,338.0,-18.99,3.54,0.34,0.23,0.0,0.57,4134.0,-0.3,1.3,8.3,261.0,19.0233,41.4522,-27.2,1.2857,1,1,0.5710000000000001,-0.89,-0.14,0.62,0.48,0.16,0.75,0,1,0,1,mesoplanet
K2-72 e,Warm,Terran,rocky-iron,metals-rich,0.99,1.39,1.4,1.461332,1.461332,1.461333,280.1,-18.32,2.66,0.0,0.12,0.0,0.41,3497.0,-0.06027140851661208,4.184758828596038,15.3,55.52,22.3081,-9.6124,-27.1,1.7588,4,1,0.311,-0.99,-0.16,-0.12,0.5,0.06,0.82,0,1,0,1,mesoplanet
K2-18 b,Warm,Superterran,rocky-iron,hydrogen-rich,1.46,3.28,2.71,0.9243239999999999,0.9243239999999999,0.9243242,249.8,-18.85,4.26,0.0,0.15,0.0,0.41,3503.0,0.09,4.184758828596038,13.5,34.0,11.504,7.5884,-26.6,1.394,2,1,0.304,-0.66,-0.12,1.59,0.37,1.0,0.73,0,1,0,1,mesoplanet
Kepler-48 d,Hot,Superterran,rocky-water,metals-rich,0.94,1.91,1.97,9.797446,9.797448,9.797449,450.7,-21.22,3.87,0.0,0.23,0.0,0.88,5194.0,0.17,3.14,13.0,424.0,19.9425,40.9489,-29.2,2.0644,4,0,1.339,-1.84,0.16,0.07,0.35,0.0,0.38,0,0,0,1,non-habitable
Kepler-123 c,Hot,Terran,rocky-iron,metals-rich,1.02,1.52,1.5,59.76649,59.7665,59.7665,708.4,-22.49,2.81,0.0,0.18,0.0,1.03,6089.0,-0.199,4.184758828596038,13.4,424.0,19.7999,42.782,-31.2,3.7105,2,0,2.41,-2.23,-0.16,-0.64,0.3,0.0,0.3,0,0,0,1,non-habitable
Kepler-327 b,Hot,Terran,rocky-iron,metals-rich,0.9,1.0,1.05,53.35352,53.35353,53.35355,688.6,-21.74,2.11,0.0,0.03,0.0,0.55,3799.0,-0.042,4.184758828596038,13.4,424.0,19.5095,44.0877,-31.1,9.0137,3,0,0.441,-2.07,-0.17,-0.96,0.3,0.0,0.32,0,0,0,1,non-habitable
HD 169142 b,Cold,Jovian,gas,hydrogen-rich,8.73,89.9,30.43,0.01526595,0.01526595,0.01526595,89.6,-17.7,19.67,0.0,22.7,0.0,1.65,7650.0,-0.06027140851661208,12.0,8.2,117.0,18.4083,-29.7805,-22.2,0.0376,1,0,4.482,15.36,19.03,60.44,0.02,0.0,0.06,0,0,0,1,non-habitable
30 Ari B b,Hot,Jovian,gas,hydrogen-rich,2.03,23.44,16.47,1.458875,2.531428,4.793875,377.0,-23.58,22.13,0.29,0.95,307.0,1.22,6484.0,0.12,0.91,7.1,39.4,2.6161,24.6481,-27.8,0.6881,1,0,2.5860000000000003,-1.15,11.27,15.94,0.05,0.0,0.31,0,0,0,1,non-habitable
WASP-32 b,Hot,Jovian,gas,hydrogen-rich,0.5,6.55,9.31,951.426,986.1277,1022.445,1440.6,-30.33,25.32,0.02,0.04,160.0,1.1,6100.0,-0.13,4.184758828596038,11.3,424.0,0.2642,1.2006,-34.3,15.0594,1,0,2.129,-2.43,9.9,3.03,0.09,0.0,0.07,0,0,0,1,non-habitable
Kepler-439 b,Hot,Superterran,rocky-iron,hydrogen-rich,1.46,3.28,2.71,1.727817,1.833812,1.948121,301.0,-19.6,4.26,0.03,0.56,0.0,0.88,5431.0,0.02,7.2,5.5,693.0,18.7201,44.034,-27.4,0.8170000000000001,1,0,1.389,-1.05,-0.12,1.31,0.37,0.0,0.66,0,0,0,1,non-habitable
Kepler-960 b,Hot,Superterran,rocky-iron,metals-rich,1.5,3.43,2.8,161.6835,161.6835,161.6835,908.5,-24.52,4.34,0.0,0.04,0.0,0.77,4755.0,-0.06027140851661208,3.63,13.9,298.0,18.7638,46.7465,-32.3,10.0184,1,0,0.943,-2.25,-0.12,0.07,0.31,0.0,0.25,0,0,0,1,non-habitable
EPIC 211391664 b,Hot,Neptunian,gas,metals-rich,0.42,1.77,2.75,243.2638,243.2638,243.2639,1006.2,-26.33,8.09,0.0,0.09,0.0,1.07,6120.0,-0.2,5.2,12.2,435.0,8.4326,11.5111,-32.7,7.414,1,0,2.526,-2.37,2.08,-0.06,0.24,0.0,0.17,0,0,0,1,non-habitable
K2-50 b,Hot,Superterran,rocky-iron,metals-rich,1.07,1.7,1.65,19.12419,19.12419,19.1242,532.8,-21.4,3.02,0.0,0.07,0.0,0.61,4326.0,-0.06027140851661208,4.184758828596038,14.7,424.0,11.2989,5.9884,-29.9,4.1584,1,0,0.618,-1.96,-0.15,-0.35,0.33,0.0,0.34,0,0,0,1,non-habitable
Kepler-418 b,Hot,Jovian,gas,hydrogen-rich,0.14,1.94,5.1,5.905736,8.678175,13.28568,486.4,-25.22,25.76,0.2,0.37,4.3,0.98,5820.0,-0.05,7.0,15.0,424.0,19.6289,38.3556,-29.1,1.5632,1,0,1.955,-1.8,9.43,2.97,0.09,0.0,0.17,0,0,0,1,non-habitable
Kepler-436 b,Hot,Neptunian,gas,metals-rich,0.19,0.52,1.2,1.223009,1.763754,2.639269,324.7,-20.0,5.19,0.19,0.33,0.0,0.73,4651.0,0.01,3.0,7.0,618.0,20.1147,44.4121,-27.4,1.1024,2,0,0.87,-1.06,2.45,-0.38,0.27,0.0,0.62,0,0,0,1,non-habitable
Kepler-1592 b,Hot,Terran,rocky-iron,metals-rich,1.05,1.61,1.57,1154.769,1154.769,1154.769,1485.1,-25.8,2.92,0.0,0.04,0.0,1.18,6213.0,-0.06027140851661208,2.69,14.8,1349.0,19.59,38.3977,-34.4,15.7116,1,0,2.523,-2.44,-0.15,-0.94,0.28,0.0,0.28,0,0,0,1,non-habitable
Kepler-1392 b,Hot,Superterran,rocky-iron,metals-rich,1.26,2.47,2.2,44.35926,44.35926,44.35927,657.5,-22.78,3.73,0.0,0.11,0.0,0.88,5479.0,-0.06027140851661208,4.68,15.7,1117.0,19.2511,46.3944,-30.9,3.9481,1,0,1.3869999999999998,-2.17,-0.14,-0.07,0.32,0.0,0.29,0,0,0,1,non-habitable
HIP 74865 b,Cold,Jovian,gas,hydrogen-rich,7.86,81.96,29.23,0.00503431,0.005034311,0.005034311,67.9,-16.51,19.91,0.0,23.0,0.0,1.42,6640.0,-0.06027140851661208,0.015,9.0,115.0,15.2989,-30.4781,-21.0,0.0287,1,0,2.695,27.52,18.28,66.86,0.01,0.0,0.05,0,0,0,1,non-habitable
K2-37 c,Hot,Neptunian,gas,metals-rich,0.19,0.53,1.21,130.1141,130.1141,130.1141,860.5,-24.69,5.23,0.0,0.07,0.0,0.9,5413.0,-0.03,4.184758828596038,12.5,424.0,16.2301,-24.7871,-32.0,6.9305,3,0,1.362,-2.28,2.46,-0.93,0.22,0.0,0.23,0,0,0,1,non-habitable
HD 50499 b,Cold,Jovian,gas,hydrogen-rich,0.4,4.42,7.0,0.09199026,0.1429792,0.2346869,177.3,-20.33,21.19,0.23,3.76,262.0,1.27,5902.0,0.23,6.0,7.2,47.26,6.8672,-33.9156,-24.6,0.1958,1,0,2.519,2.89,7.2,9.05,0.08,0.0,0.23,1,0,0,1,non-habitable
Kepler-80 d,Hot,Terran,rocky-iron,metals-rich,2.46,3.44,2.19,123.7097,123.7097,123.7098,849.7,-23.16,2.66,0.0,0.04,0.0,0.72,4613.0,-0.56,4.184758828596038,15.0,424.0,19.7408,39.9789,-32.0,9.3095,5,0,0.807,-2.22,-0.89,-0.27,0.29,0.0,0.29,0,0,0,1,non-habitable
